[{"model": "productsapp.slider", "pk": 1, "fields": {"created_at": "2023-05-25T20:44:19.973Z", "updated_at": "2023-06-30T14:20:04.757Z", "is_active": true, "product": 6, "description": "Производительный компьютер с предустановленной AstraLinux! Безопасней только пейджер"}}, {"model": "productsapp.slider", "pk": 2, "fields": {"created_at": "2023-05-25T20:44:29.461Z", "updated_at": "2023-06-30T14:16:46.614Z", "is_active": true, "product": 1, "description": "Супер современный плазменный смарт-телевизор"}}, {"model": "productsapp.slider", "pk": 3, "fields": {"created_at": "2023-05-25T20:44:37.583Z", "updated_at": "2023-06-30T14:18:00.289Z", "is_active": true, "product": 3, "description": "Стираете на Вятке?   Мы идем к вам?"}}]