[
  {
    "model": "taggit.tag",
    "pk": 1,
    "fields": {
      "name": "Надежность",
      "slug": "надежность"
    }
  },
  {
    "model": "taggit.tag",
    "pk": 2,
    "fields": {
      "name": "Качество",
      "slug": "качество"
    }
  },
  {
    "model": "taggit.tag",
    "pk": 3,
    "fields": {
      "name": "Дешево",
      "slug": "дешево"
    }
  },
  {
    "model": "taggit.tag",
    "pk": 4,
    "fields": {
      "name": "Чехлы",
      "slug": "чехлы"
    }
  },
  {
    "model": "taggit.tag",
    "pk": 5,
    "fields": {
      "name": "Аксессуары",
      "slug": "аксессуары"
    }
  },
  {
    "model": "taggit.tag",
    "pk": 6,
    "fields": {
      "name": "Компьютеры",
      "slug": "компьютеры"
    }
  },
  {
    "model": "taggit.tag",
    "pk": 7,
    "fields": {
      "name": "Другое",
      "slug": "другое"
    }
  },
  {
    "model": "taggit.tag",
    "pk": 8,
    "fields": {
      "name": "Ноутбуки",
      "slug": "ноутбуки"
    }
  },
  {
    "model": "taggit.tag",
    "pk": 9,
    "fields": {
      "name": "Телефоны",
      "slug": "телефоны"
    }
  },
  {
    "model": "taggit.tag",
    "pk": 10,
    "fields": {
      "name": "Телевизоры",
      "slug": "телевизоры"
    }
  },
  {
    "model": "taggit.taggeditem",
    "pk": 1,
    "fields": {
      "tag": 1,
      "content_type": 10,
      "object_id": 1
    }
  },
  {
    "model": "taggit.taggeditem",
    "pk": 2,
    "fields": {
      "tag": 2,
      "content_type": 10,
      "object_id": 2
    }
  },
  {
    "model": "taggit.taggeditem",
    "pk": 3,
    "fields": {
      "tag": 2,
      "content_type": 10,
      "object_id": 3
    }
  },
  {
    "model": "taggit.taggeditem",
    "pk": 4,
    "fields": {
      "tag": 2,
      "content_type": 10,
      "object_id": 4
    }
  },
  {
    "model": "taggit.taggeditem",
    "pk": 5,
    "fields": {
      "tag": 2,
      "content_type": 10,
      "object_id": 7
    }
  },
  {
    "model": "taggit.taggeditem",
    "pk": 6,
    "fields": {
      "tag": 2,
      "content_type": 10,
      "object_id": 5
    }
  },
  {
    "model": "taggit.taggeditem",
    "pk": 7,
    "fields": {
      "tag": 2,
      "content_type": 10,
      "object_id": 6
    }
  },
  {
    "model": "taggit.taggeditem",
    "pk": 8,
    "fields": {
      "tag": 3,
      "content_type": 10,
      "object_id": 5
    }
  },
  {
    "model": "taggit.taggeditem",
    "pk": 9,
    "fields": {
      "tag": 3,
      "content_type": 10,
      "object_id": 4
    }
  },
  {
    "model": "taggit.taggeditem",
    "pk": 10,
    "fields": {
      "tag": 3,
      "content_type": 10,
      "object_id": 2
    }
  },
  {
    "model": "taggit.taggeditem",
    "pk": 11,
    "fields": {
      "tag": 4,
      "content_type": 10,
      "object_id": 5
    }
  },
  {
    "model": "taggit.taggeditem",
    "pk": 12,
    "fields": {
      "tag": 5,
      "content_type": 10,
      "object_id": 4
    }
  },
  {
    "model": "taggit.taggeditem",
    "pk": 13,
    "fields": {
      "tag": 6,
      "content_type": 10,
      "object_id": 6
    }
  },
  {
    "model": "taggit.taggeditem",
    "pk": 14,
    "fields": {
      "tag": 6,
      "content_type": 10,
      "object_id": 9
    }
  },
  {
    "model": "taggit.taggeditem",
    "pk": 15,
    "fields": {
      "tag": 6,
      "content_type": 10,
      "object_id": 8
    }
  },
  {
    "model": "taggit.taggeditem",
    "pk": 16,
    "fields": {
      "tag": 6,
      "content_type": 10,
      "object_id": 7
    }
  },
  {
    "model": "taggit.taggeditem",
    "pk": 17,
    "fields": {
      "tag": 7,
      "content_type": 10,
      "object_id": 1
    }
  },
  {
    "model": "taggit.taggeditem",
    "pk": 18,
    "fields": {
      "tag": 7,
      "content_type": 10,
      "object_id": 3
    }
  },
  {
    "model": "taggit.taggeditem",
    "pk": 19,
    "fields": {
      "tag": 7,
      "content_type": 10,
      "object_id": 10
    }
  },
  {
    "model": "taggit.taggeditem",
    "pk": 20,
    "fields": {
      "tag": 6,
      "content_type": 10,
      "object_id": 10
    }
  },
  {
    "model": "taggit.taggeditem",
    "pk": 21,
    "fields": {
      "tag": 10,
      "content_type": 10,
      "object_id": 11
    }
  },
  {
    "model": "taggit.taggeditem",
    "pk": 22,
    "fields": {
      "tag": 2,
      "content_type": 10,
      "object_id": 11
    }
  },
  {
    "model": "taggit.taggeditem",
    "pk": 23,
    "fields": {
      "tag": 10,
      "content_type": 10,
      "object_id": 12
    }
  },
  {
    "model": "taggit.taggeditem",
    "pk": 24,
    "fields": {
      "tag": 1,
      "content_type": 10,
      "object_id": 12
    }
  },
  {
    "model": "taggit.taggeditem",
    "pk": 25,
    "fields": {
      "tag": 8,
      "content_type": 10,
      "object_id": 13
    }
  },
  {
    "model": "taggit.taggeditem",
    "pk": 26,
    "fields": {
      "tag": 3,
      "content_type": 10,
      "object_id": 13
    }
  },
  {
    "model": "taggit.taggeditem",
    "pk": 27,
    "fields": {
      "tag": 9,
      "content_type": 10,
      "object_id": 14
    }
  },
  {
    "model": "taggit.taggeditem",
    "pk": 28,
    "fields": {
      "tag": 2,
      "content_type": 10,
      "object_id": 14
    }
  },
  {
    "model": "taggit.taggeditem",
    "pk": 29,
    "fields": {
      "tag": 9,
      "content_type": 10,
      "object_id": 15
    }
  },
  {
    "model": "taggit.taggeditem",
    "pk": 30,
    "fields": {
      "tag": 3,
      "content_type": 10,
      "object_id": 15
    }
  },
  {
    "model": "taggit.taggeditem",
    "pk": 30,
    "fields": {
      "tag": 10,
      "content_type": 10,
      "object_id": 1
    }
  }
]