[
  {
    "model": "productsapp.product",
    "pk": 1,
    "fields": {
      "created_at": "2023-05-16T16:48:05.805Z",
      "updated_at": "2023-05-16T16:48:05.805Z",
      "is_active": true,
      "name": "Vityaz 50LU1221",
      "description": "Телевизор в хорошем качестве. диагональ: 32\"-39\", диагональ (точно): 32 \", Поддержка цифрового ТВ: нет, беспроводная связь: Wi-Fi",
      "short_description": "Телевизор в хорошем качестве.",
      "archived": false,
      "free_delivery": false,
      "category": 1,
      "is_limited": false
    }
  },
  {
    "model": "productsapp.product",
    "pk": 2,
    "fields": {
      "created_at": "2023-05-16T16:50:13.434Z",
      "updated_at": "2023-05-16T16:50:13.434Z",
      "is_active": true,
      "name": "Микронаушник Mxmedia",
      "description": "Модель с микрофоном, встроенным в корпус передатчика (без кнопки пищалки и выносного микрофона).\nМикронаушник Magnet Bluetooth является отличной моделью в среднем ценовом сегменте, занимает 3 место по объему продаж из всей линейки микронаушников производителя Mxmedia.\nМодель популярна за счет доступной цены, но при этом обладает достойными характеристиками. В комплекте передатчик bluetooth 4.0, аккумулятора 50 мАч хватает до 3-4 часов разговора.\nМикрофон встроен в передатчик и средне улавливает тихий голос. Если требуется передавать много информации шепотом, то советуем выбрать модель Mxmedia Magnet Bluetooth с выносным микрофоном и кнопкой пищалкой (другой товар, ищите на маркете).\nВ качестве динамиков используются невидимые в ухе магнитные микронаушники, которые забрасываются на барабанную перепонку, становясь совершенно незаметными для окружающих.\nОбращаем внимание, что при использовании магнитного типа микронаушников может возникать дискомфорт в ушах, по возможности рекомендуем пользоваться капсульными аналогами.",
      "short_description": "Модель с микрофоном, встроенным в корпус передатчика",
      "archived": false,
      "free_delivery": true,
      "category": 2,
      "is_limited": true
    }
  },
  {
    "model": "productsapp.product",
    "pk": 3,
    "fields": {
      "created_at": "2023-05-16T16:52:48.116Z",
      "updated_at": "2023-06-30T14:47:53.504Z",
      "is_active": true,
      "name": "Candy GS4 1063D1",
      "description": "Особенности: Б/У\r\nРаньше принадлежал другому человеку.\r\nСтиральная машина в отличном техническом состоянии. Произведена замена подшипников и протестирована нашим техническим центром.\r\nВнешний вид: Отличный",
      "short_description": "Стиральная машина Candy GS4 1063D1, белый",
      "archived": false,
      "free_delivery": false,
      "category": 3,
      "is_limited": false
    }
  },
  {
    "model": "productsapp.product",
    "pk": 4,
    "fields": {
      "created_at": "2023-05-16T16:57:50.790Z",
      "updated_at": "2023-06-30T14:46:03.086Z",
      "is_active": true,
      "name": "Крючки декоративные",
      "description": "Характеристики\r\nБренд - Багемот\r\nТип - крючок\r\nНазначение - мелочи, аксессуары\r\nМатериал - металл\r\nКрепление - шурупы",
      "short_description": "Крючки декоративные бронза / крючок для ключницы / крючок настенный / 5шт.",
      "archived": false,
      "free_delivery": true,
      "category": 4,
      "is_limited": true
    }
  },
  {
    "model": "productsapp.product",
    "pk": 5,
    "fields": {
      "created_at": "2023-05-16T17:02:03.446Z",
      "updated_at": "2023-06-30T14:46:36.026Z",
      "is_active": true,
      "name": "Свирепый доберман",
      "description": "Premium чехол «Свирепый доберман» на iPhone SE 2022",
      "short_description": "Premium чехол «Свирепый доберман»",
      "archived": false,
      "free_delivery": true,
      "category": 5,
      "is_limited": true
    }
  },
  {
    "model": "productsapp.product",
    "pk": 6,
    "fields": {
      "created_at": "2023-05-16T17:28:46.945Z",
      "updated_at": "2023-06-30T14:50:36.781Z",
      "is_active": true,
      "name": "GAMER PRO V23",
      "description": "Новая серия карт nVidia 4ххх уже здесь! В связке с десятиядерным процессором i5 12600KF вы получаете беспрецедентную производительность за разумные деньги.\r\n4К гейминг в любых играх без тормозов, запуск фото и видеоредакторов со сверхсложными проектами - с этими и любыми другими задачами ваш новый компьютер справиться без труда!\r\nСборка выполнена в корпусе известного бренда Zalman с блоком питания 1000W, которого хватит для любых последующих модернизаций.",
      "short_description": "Игровой компьютер GAMER PRO",
      "archived": false,
      "free_delivery": true,
      "category": 6,
      "is_limited": true
    }
  },
  {
    "model": "productsapp.product",
    "pk": 7,
    "fields": {
      "created_at": "2023-05-16T17:35:39.250Z",
      "updated_at": "2023-06-30T14:50:48.273Z",
      "is_active": true,
      "name": "GAMER PRO V12",
      "description": "Прекрасный ПК для всех игр в разрешениях вплоть до 4К.\r\nВидеокарта RTX4070Ti на 25% производительнее чем nVidia RTX3080 и при этом меньше греется.\r\nТоповый процессор i9 11900F 10 ядер 20 потоков 5200МГц.\r\nБесшумное водяное охлаждение.\r\nПредустановленная и настроенная Windows 10 PRO.",
      "short_description": "Топовый игровой компьютер GAMER PRO Core i9 13900F 24x5800MHz / 64GB DDR5/ 3000GB HDD +1TB SSD/ RTX4",
      "archived": false,
      "free_delivery": false,
      "category": 6,
      "is_limited": true
    }
  },
  {
    "model": "productsapp.product",
    "pk": 8,
    "fields": {
      "created_at": "2023-05-16T17:52:07.997Z",
      "updated_at": "2023-06-30T14:47:32.543Z",
      "is_active": true,
      "name": "Atomic Heart",
      "description": "Авторский проект от нашей компании по игре Atomic Heart на базе уникального корпуса Thermaltake 500\r\nКонфигурация:\r\nПроцессор AMD Ryzen 9 5950X AM4\r\nМатеринская плата GIGABYTE X570S UD (AM4, ATX)\r\nОперативная память TeamGroup NightHawk White 16Gb PC4-25600\r\nВидеокарта GIGABYTE GeForce 3090 Gaming OC\r\nSSD диск ADATA M.2 XPG SX6000 1000GB\r\nКорпус Thermaltake Tower 500\r\nPSU 1000W\r\nВентиляторы DeepCool FC120",
      "short_description": "Персональный компьютер Atomic Heart с водяным охлаждением 5950x/16/3090/1TbSSD/1000W/ Thermaltake To",
      "archived": true,
      "free_delivery": true,
      "category": 6,
      "is_limited": false
    }
  },
  {
    "model": "productsapp.product",
    "pk": 9,
    "fields": {
      "created_at": "2023-05-16T17:56:35.440Z",
      "updated_at": "2023-06-30T14:47:05.560Z",
      "is_active": true,
      "name": "OLDI Game PC 770",
      "description": "Компьютер OLDI Computers ПЭВМ OLDI Game PC 770 0801899",
      "short_description": "ПЭВМ OLDI Game PC 770 0801899 > Intel Core i5-13600KF 3.5GHz/Z690/DDR5-128GB 5200MHz/SSD M.2-2TB/HDD",
      "archived": false,
      "free_delivery": true,
      "category": 6,
      "is_limited": true
    }
  },
  {
    "model": "productsapp.product",
    "pk": 10,
    "fields": {
      "created_at": "2023-05-16T17:56:35.440Z",
      "updated_at": "2023-06-30T14:45:15.386Z",
      "is_active": true,
      "name": "Computers ПЭВМ OLDI Game PC 770",
      "description": "Компьютер OLDI Computers ПЭВМ OLDI Game PC 770 0801899",
      "short_description": ">Intel® Core™ i5-11600K 3.9 GHz/B560M-HDV R2.0/DDR4 32Gb-3200MHz/SSD M.2 512Gb/750W/NOos",
      "archived": false,
      "free_delivery": true,
      "category": 6,
      "is_limited": true
    }
  },
  {
    "model": "productsapp.product",
    "pk": 11,
    "fields": {
      "created_at": "2023-06-30T14:25:15.270Z",
      "updated_at": "2023-06-30T14:34:31.232Z",
      "is_active": true,
      "name": "Xiaomi Mi TV A2 43",
      "description": "XiaomiTV A2 Series – В серии умных телевизоров Xiaomi TV A2 каждый найдет для себя самый подходящий вариант, ведь они представлены в четырех диагоналях: 32, 43, 50 и 55 дюймов. Независимо от размера, каждый из этих телевизоров предлагает все современные функции AndroidTV и способен управлять домашней техникой, совместимой с Google Assistant.\r\n\r\nРамки вокруг экранов вновь существенно уменьшились, обеспечивая еще более ощутимый эффект присутствия. Благодаря частоте обновления до 60 Гц картинка стала еще плавнее, реалистичнее, а поддержка Dolby Audio, DTS-X и DTS Virtual:X гарантирует максимум удовольствия от качества звука.\r\n\r\nКак и прежде,центральным элементом является Patchwall – собственная разработка Xiaomi,которая позволяет с удобством объединять все ваши подписки на контент,обеспечивая максимально просом доступ к любимым фильмам, сериалам и телешоу.",
      "short_description": "LED, 4K UHD, Диагональ:43\" 4K Ultra HD 2160p 3840x2160 пикс.",
      "archived": false,
      "free_delivery": true,
      "category": 1,
      "is_limited": true
    }
  },
  {
    "model": "productsapp.product",
    "pk": 12,
    "fields": {
      "created_at": "2023-06-30T14:41:55.705Z",
      "updated_at": "2023-06-30T14:41:55.705Z",
      "is_active": true,
      "name": "HAIER Smart TV S3",
      "description": "Телевизор HAIER Smart TV S3 оснащен экраном диагональю 43\", который воспроизводит контрастное и яркое изображение с реалистичной цветопередачей. Функция МЕМС обеспечит плавность трансляции. Управление телевизором осуществляется посредством пульта или с помощью голосового помощника.\r\n\r\nОсобенности\r\n\r\nТехнология HDR10 отображает естественную передачу цвета, делая любую сцену детализированной.\r\nОбъемное звучание благодаря опции Simulated Surround Sound.\r\nТрансляцию на телевизор контента с мобильных гаджетов или компьютера обеспечивает технология Chromecast.\r\nМодуль Bluetooth 5.1 — для беспроводного подключения устройств и передачи файлов.\r\nРеализована конвертация любой HD и Full HD картинки в формат 4K UHD.\r\nМодуль Wi-Fi обеспечивает стабильное подключение к Интернету и быструю загрузку контента.\r\nЦифровое улучшение звука\r\n\r\nТехнология DBX-TV для эффективного использования вмонтированной акустической системы. Она позволяет сделать звучание, аналогичное более мощным динамикам.\r\n\r\nSMART TV\r\n\r\nУстройство работает на ОС Android с интуитивно простым и понятным интерфейсом. Смарт ТВ обеспечивает возможность установки игр и приложений из магазина Google Play, а также просмотр на большом экране роликов с YouTube, сериалов, кино и телеканалов из популярных онлайн-кинотеатров.",
      "short_description": "43\" Телевизор HAIER Smart TV S3, QLED, 4K Ultra HD, серебристый, СМАРТ ТВ, Android",
      "archived": false,
      "free_delivery": true,
      "category": 1,
      "is_limited": false
    }
  },
  {
    "model": "productsapp.product",
    "pk": 13,
    "fields": {
      "created_at": "2023-06-30T15:02:41.973Z",
      "updated_at": "2023-06-30T15:02:41.973Z",
      "is_active": true,
      "name": "Huawei MateBook D 15 BoM-WFP9",
      "description": "Huawei MateBook D 15 имеет экран диагональю 15,6 дюймов. Разрешение 1920×1080 и частота обновлений 60 Гц позволяет воспроизводить изображение в отличном качестве с минимальной задержкой сигнала. Экран занимает 87% лицевой панели.\r\n\r\nМатовая поверхность позволяет снять напряжение с глаз при длительном нахождении перед экраном, а кроме того практически не дает бликов.\r\n\r\nУгол обзора 178° по горизонтали и вертикали, хорошая контрастность сохраняется даже при просмотре под большим углом. Сервис «Мультиэкран» позволяет просматривать эфиры спутниковых каналов без использования интернета.\r\n\r\nВозможности процессора\r\n\r\nНоутбук работает на базе 8-ядерного процессора AMD Ryzen 7 5700U с максимальной частотой разгона до 4,3 ГГц (в режиме Turbo). Чипсет без проблем справляется с запуском даже требовательных приложений.",
      "short_description": "Ноутбук Huawei MateBook D 15 BoM-WFP9, 15.6\", IPS, AMD Ryzen 7 5700U 1.8ГГц, 8-ядерный, 16ГБ DDR4, 5",
      "archived": false,
      "free_delivery": true,
      "category": 6,
      "is_limited": true
    }
  },
  {
    "model": "productsapp.product",
    "pk": 14,
    "fields": {
      "created_at": "2023-06-30T15:06:28.396Z",
      "updated_at": "2023-06-30T15:06:28.396Z",
      "is_active": true,
      "name": "FinePower S201",
      "description": "Сотовый телефон FinePower S201 представляет собой моноблок из пластика красного цвета, оснащенный цветным, 2-дюймовым экраном. Большие кнопки с крупными цифрами позволят легко набирать нужный номер и управлять функционалом телефона пожилым людям. Память телефона обеспечивает сохранение большого количества телефонных номеров. Для ее увеличения можно использовать карту памяти объемом до 16 ГБ. При необходимости телефон синхронизируется с другими устройствами через модуль Bluetooth 3.0.\r\nВ сотовом телефоне FinePower S201 одновременно используется 2 сим-карты, что позволит выбирать оптимальные тарифы для общения. Дополняет функционал телефона камера на 0.8 Мп, при помощи которой получаются достаточно четкие снимки. Также есть FM-радио и MP3-плеер. Съемный аккумулятор емкостью 1400 мА•ч поддерживает работу сотового телефона на протяжении 5 часов в режиме разговора. Для его удобной подзарядки в домашних условиях предусмотрена док-станция, а также имеется интерфейс microUSB.",
      "short_description": "2SIM, 2\", TN (TFT), 220x176, 0.08 Мп, BT, FM, micro SD, 1400 мА*ч",
      "archived": false,
      "free_delivery": true,
      "category": 10,
      "is_limited": false
    }
  },
  {
    "model": "productsapp.product",
    "pk": 15,
    "fields": {
      "created_at": "2023-06-30T15:09:10.477Z",
      "updated_at": "2023-06-30T15:09:10.478Z",
      "is_active": true,
      "name": "Black Fox B10",
      "description": "Смартфон Black Fox B10 32 ГБ с дисплеем 6.8 дюйма IPS по технологии «punch hole» обеспечивает удобство работы в приложениях, увлекательный просмотр мультимедийного контента, погружение в игры. За высокую производительность при выполнении разных задач отвечает аппаратная платформа с процессором Spreadtrum SC9832E и 2 ГБ оперативной памяти. Корпус выполнен из пластика в черном цвете и имеет нескользящую фактуру.\r\nВ Black Fox B10 реализованы слоты для установки двух карт SIM и карты памяти. Также отмечается поддержка востребованных беспроводных интерфейсов. Основная камера 13 Мп со вспышкой предназначена для создания детализированных фотографий и видео. На передней стороне расположена камера 5 Мп, с помощью которой можно совершать видеозвонки и делать селфи. Аккумулятор 4000 мА*ч гарантирует продолжительное время работы смартфона без подзарядки.",
      "short_description": "ядер - 4x(1.4 ГГц), 2 Гб, 2 SIM, IPS, 1600x720, камера 13 Мп, NFC, 4G, GPS, FM, 4000 мА*ч",
      "archived": false,
      "free_delivery": false,
      "category": 10,
      "is_limited": false
    }
  }
]