[
  {
    "model": "productsapp.productimage",
    "pk": 5,
    "fields": {
      "created_at": "2023-06-01T12:10:06.171Z",
      "updated_at": "2023-06-01T12:10:06.171Z",
      "is_active": true,
      "image": "products_images/case_1.webp",
      "product": 5
    }
  },
  {
    "model": "productsapp.productimage",
    "pk": 6,
    "fields": {
      "created_at": "2023-06-01T12:10:12.364Z",
      "updated_at": "2023-06-01T12:10:12.365Z",
      "is_active": true,
      "image": "products_images/case_2.webp",
      "product": 5
    }
  },
  {
    "model": "productsapp.productimage",
    "pk": 7,
    "fields": {
      "created_at": "2023-06-01T12:10:17.400Z",
      "updated_at": "2023-06-01T12:10:17.400Z",
      "is_active": true,
      "image": "products_images/case_3.webp",
      "product": 5
    }
  },
  {
    "model": "productsapp.productimage",
    "pk": 8,
    "fields": {
      "created_at": "2023-06-01T12:10:32.559Z",
      "updated_at": "2023-06-01T12:10:32.559Z",
      "is_active": true,
      "image": "products_images/comp_1_1.webp",
      "product": 6
    }
  },
  {
    "model": "productsapp.productimage",
    "pk": 9,
    "fields": {
      "created_at": "2023-06-01T12:10:38.620Z",
      "updated_at": "2023-06-01T12:10:38.620Z",
      "is_active": true,
      "image": "products_images/comp_1_2.webp",
      "product": 6
    }
  },
  {
    "model": "productsapp.productimage",
    "pk": 10,
    "fields": {
      "created_at": "2023-06-01T12:10:45.691Z",
      "updated_at": "2023-06-01T12:10:45.691Z",
      "is_active": true,
      "image": "products_images/comp_1_3.webp",
      "product": 6
    }
  },
  {
    "model": "productsapp.productimage",
    "pk": 11,
    "fields": {
      "created_at": "2023-06-01T12:10:58.771Z",
      "updated_at": "2023-06-01T12:10:58.771Z",
      "is_active": true,
      "image": "products_images/comp_2_1.webp",
      "product": 9
    }
  },
  {
    "model": "productsapp.productimage",
    "pk": 12,
    "fields": {
      "created_at": "2023-06-01T12:11:05.299Z",
      "updated_at": "2023-06-01T12:11:05.299Z",
      "is_active": true,
      "image": "products_images/comp_2_2.webp",
      "product": 9
    }
  },
  {
    "model": "productsapp.productimage",
    "pk": 13,
    "fields": {
      "created_at": "2023-06-01T12:11:11.384Z",
      "updated_at": "2023-06-01T12:11:11.384Z",
      "is_active": true,
      "image": "products_images/comp_2_3.webp",
      "product": 9
    }
  },
  {
    "model": "productsapp.productimage",
    "pk": 14,
    "fields": {
      "created_at": "2023-06-01T12:11:19.376Z",
      "updated_at": "2023-06-01T12:11:19.376Z",
      "is_active": true,
      "image": "products_images/comp_3_1.webp",
      "product": 8
    }
  },
  {
    "model": "productsapp.productimage",
    "pk": 15,
    "fields": {
      "created_at": "2023-06-01T12:11:27.155Z",
      "updated_at": "2023-06-01T12:11:27.155Z",
      "is_active": true,
      "image": "products_images/comp_3_2.webp",
      "product": 8
    }
  },
  {
    "model": "productsapp.productimage",
    "pk": 16,
    "fields": {
      "created_at": "2023-06-01T12:11:35.537Z",
      "updated_at": "2023-06-01T12:11:35.537Z",
      "is_active": true,
      "image": "products_images/comp_3_3.webp",
      "product": 8
    }
  },
  {
    "model": "productsapp.productimage",
    "pk": 17,
    "fields": {
      "created_at": "2023-06-01T12:11:45.317Z",
      "updated_at": "2023-06-01T12:11:45.317Z",
      "is_active": true,
      "image": "products_images/comp_4_1.webp",
      "product": 7
    }
  },
  {
    "model": "productsapp.productimage",
    "pk": 18,
    "fields": {
      "created_at": "2023-06-01T12:11:52.391Z",
      "updated_at": "2023-06-01T12:11:52.391Z",
      "is_active": true,
      "image": "products_images/comp_4_2.webp",
      "product": 7
    }
  },
  {
    "model": "productsapp.productimage",
    "pk": 19,
    "fields": {
      "created_at": "2023-06-01T12:11:58.916Z",
      "updated_at": "2023-06-01T12:11:58.916Z",
      "is_active": true,
      "image": "products_images/comp_4_3.webp",
      "product": 7
    }
  },
  {
    "model": "productsapp.productimage",
    "pk": 20,
    "fields": {
      "created_at": "2023-06-01T12:12:11.057Z",
      "updated_at": "2023-06-01T12:12:11.057Z",
      "is_active": true,
      "image": "products_images/headphones_1.webp",
      "product": 2
    }
  },
  {
    "model": "productsapp.productimage",
    "pk": 21,
    "fields": {
      "created_at": "2023-06-01T12:12:25.014Z",
      "updated_at": "2023-06-01T12:12:25.014Z",
      "is_active": true,
      "image": "products_images/headphones_2.webp",
      "product": 2
    }
  },
  {
    "model": "productsapp.productimage",
    "pk": 22,
    "fields": {
      "created_at": "2023-06-01T12:12:33.125Z",
      "updated_at": "2023-06-01T12:12:33.125Z",
      "is_active": true,
      "image": "products_images/headphones_3.webp",
      "product": 2
    }
  },
  {
    "model": "productsapp.productimage",
    "pk": 23,
    "fields": {
      "created_at": "2023-06-01T12:13:13.628Z",
      "updated_at": "2023-06-01T12:13:13.628Z",
      "is_active": true,
      "image": "products_images/hook_1.webp",
      "product": 4
    }
  },
  {
    "model": "productsapp.productimage",
    "pk": 24,
    "fields": {
      "created_at": "2023-06-01T12:13:20.778Z",
      "updated_at": "2023-06-01T12:13:20.779Z",
      "is_active": true,
      "image": "products_images/hook_2.webp",
      "product": 4
    }
  },
  {
    "model": "productsapp.productimage",
    "pk": 25,
    "fields": {
      "created_at": "2023-06-01T12:13:31.380Z",
      "updated_at": "2023-06-01T12:13:31.380Z",
      "is_active": true,
      "image": "products_images/hook_3.webp",
      "product": 4
    }
  },
  {
    "model": "productsapp.productimage",
    "pk": 26,
    "fields": {
      "created_at": "2023-06-01T12:13:40.437Z",
      "updated_at": "2023-06-01T12:13:40.437Z",
      "is_active": true,
      "image": "products_images/mach_1.webp",
      "product": 3
    }
  },
  {
    "model": "productsapp.productimage",
    "pk": 27,
    "fields": {
      "created_at": "2023-06-01T12:13:50.092Z",
      "updated_at": "2023-06-01T12:13:50.092Z",
      "is_active": true,
      "image": "products_images/mach_2.webp",
      "product": 3
    }
  },
  {
    "model": "productsapp.productimage",
    "pk": 28,
    "fields": {
      "created_at": "2023-06-01T12:13:58.894Z",
      "updated_at": "2023-06-01T12:13:58.894Z",
      "is_active": true,
      "image": "products_images/mach_3.webp",
      "product": 3
    }
  },
  {
    "model": "productsapp.productimage",
    "pk": 29,
    "fields": {
      "created_at": "2023-06-01T12:14:10.752Z",
      "updated_at": "2023-06-01T12:14:10.752Z",
      "is_active": true,
      "image": "products_images/televizor_1.webp",
      "product": 1
    }
  },
  {
    "model": "productsapp.productimage",
    "pk": 30,
    "fields": {
      "created_at": "2023-06-01T12:14:18.343Z",
      "updated_at": "2023-06-01T12:14:18.343Z",
      "is_active": true,
      "image": "products_images/televizor_2.webp",
      "product": 1
    }
  },
  {
    "model": "productsapp.productimage",
    "pk": 31,
    "fields": {
      "created_at": "2023-06-01T12:14:23.910Z",
      "updated_at": "2023-06-01T12:14:23.911Z",
      "is_active": true,
      "image": "products_images/televizor_3.webp",
      "product": 1
    }
  },
  {
    "model": "productsapp.productimage",
    "pk": 32,
    "fields": {
      "created_at": "2023-06-01T12:14:32.924Z",
      "updated_at": "2023-06-01T12:14:32.924Z",
      "is_active": true,
      "image": "products_images/comp_2_2_G0SCELa.webp",
      "product": 10
    }
  },
  {
    "model": "productsapp.productimage",
    "pk": 38,
    "fields": {
      "created_at": "2023-06-30T14:35:42.465Z",
      "updated_at": "2023-06-30T14:35:42.465Z",
      "is_active": true,
      "image": "products_images/xiaomi_televizor_mi_tv_a2_43_4k_ultra_hd_chernyy_2435978_2.jpg",
      "product": 11
    }
  },
  {
    "model": "productsapp.productimage",
    "pk": 39,
    "fields": {
      "created_at": "2023-06-30T14:35:52.311Z",
      "updated_at": "2023-06-30T14:35:52.311Z",
      "is_active": true,
      "image": "products_images/televizor_xiaomi_mi_tv_a2_43_4k_ultra_hd_chernyy_2435978_3.jpg",
      "product": 11
    }
  },
  {
    "model": "productsapp.productimage",
    "pk": 40,
    "fields": {
      "created_at": "2023-06-30T14:36:00.674Z",
      "updated_at": "2023-06-30T14:36:00.674Z",
      "is_active": true,
      "image": "products_images/xiaomi_televizor_mi_tv_a2_43_4k_ultra_hd_chernyy_2435978_2_WPykRoV.jpg",
      "product": 11
    }
  },
  {
    "model": "productsapp.productimage",
    "pk": 41,
    "fields": {
      "created_at": "2023-06-30T14:36:07.224Z",
      "updated_at": "2023-06-30T14:36:07.224Z",
      "is_active": true,
      "image": "products_images/televizor_xiaomi_mi_tv_a2_43_4k_ultra_hd_chernyy_2435978_3_93uwUWg.jpg",
      "product": 11
    }
  },
  {
    "model": "productsapp.productimage",
    "pk": 42,
    "fields": {
      "created_at": "2023-06-30T14:36:13.608Z",
      "updated_at": "2023-06-30T14:36:13.608Z",
      "is_active": true,
      "image": "products_images/xiaomi_televizor_mi_tv_a2_43_4k_ultra_hd_chernyy_2435978_1.jpg",
      "product": 11
    }
  },
  {
    "model": "productsapp.productimage",
    "pk": 43,
    "fields": {
      "created_at": "2023-06-30T14:55:52.407Z",
      "updated_at": "2023-06-30T14:55:52.407Z",
      "is_active": true,
      "image": "products_images/5cf77e977bdb8ebed586962244e3e77686c9334b6f72105df0e90d066949e31d.jpg_1.webp",
      "product": 12
    }
  },
  {
    "model": "productsapp.productimage",
    "pk": 44,
    "fields": {
      "created_at": "2023-06-30T14:56:01.133Z",
      "updated_at": "2023-06-30T14:56:01.133Z",
      "is_active": true,
      "image": "products_images/0f590a5f534b9c4564a05259eddbc3df82a7348650f9f73904a6850247401645.jpg.webp",
      "product": 12
    }
  },
  {
    "model": "productsapp.productimage",
    "pk": 45,
    "fields": {
      "created_at": "2023-06-30T14:56:09.580Z",
      "updated_at": "2023-06-30T14:56:09.580Z",
      "is_active": true,
      "image": "products_images/be9c904bfdb9d8ecfa9e6b6ec0a423b2305f3d4189966c5113fe0b8d5d60fd96.jpg.webp",
      "product": 12
    }
  },
  {
    "model": "productsapp.productimage",
    "pk": 46,
    "fields": {
      "created_at": "2023-06-30T14:56:15.749Z",
      "updated_at": "2023-06-30T14:56:15.749Z",
      "is_active": true,
      "image": "products_images/be9c904bfdb9d8ecfa9e6b6ec0a423b2305f3d4189966c5113fe0b8d5d60fd96.jpg_uMJPdCW.webp",
      "product": 12
    }
  },
  {
    "model": "productsapp.productimage",
    "pk": 47,
    "fields": {
      "created_at": "2023-06-30T15:03:49.153Z",
      "updated_at": "2023-06-30T15:03:49.153Z",
      "is_active": true,
      "image": "products_images/1926460_v01_b.webp",
      "product": 13
    }
  },
  {
    "model": "productsapp.productimage",
    "pk": 48,
    "fields": {
      "created_at": "2023-06-30T15:03:55.623Z",
      "updated_at": "2023-06-30T15:03:55.623Z",
      "is_active": true,
      "image": "products_images/1926460_v08_b.webp",
      "product": 13
    }
  },
  {
    "model": "productsapp.productimage",
    "pk": 49,
    "fields": {
      "created_at": "2023-06-30T15:04:01.942Z",
      "updated_at": "2023-06-30T15:04:01.942Z",
      "is_active": true,
      "image": "products_images/1926460_v01_b_OD4nixZ.webp",
      "product": 13
    }
  },
  {
    "model": "productsapp.productimage",
    "pk": 50,
    "fields": {
      "created_at": "2023-06-30T15:04:10.424Z",
      "updated_at": "2023-06-30T15:04:10.424Z",
      "is_active": true,
      "image": "products_images/1926460_v08_b_qbdsLYM.webp",
      "product": 13
    }
  },
  {
    "model": "productsapp.productimage",
    "pk": 51,
    "fields": {
      "created_at": "2023-06-30T15:10:10.378Z",
      "updated_at": "2023-06-30T15:10:10.378Z",
      "is_active": true,
      "image": "products_images/923b75a488b5e59e992b3cbde8de906b60de339b650ee96348e7c44af29ad640.jpg.webp",
      "product": 15
    }
  },
  {
    "model": "productsapp.productimage",
    "pk": 54,
    "fields": {
      "created_at": "2023-06-30T15:10:28.819Z",
      "updated_at": "2023-06-30T15:10:28.819Z",
      "is_active": true,
      "image": "products_images/f7258231691aef8ba72926e4dca05b18c478d03e005daea4fbc4eb3a00c45b93.jpg_MTyWDJ3.webp",
      "product": 15
    }
  },
  {
    "model": "productsapp.productimage",
    "pk": 55,
    "fields": {
      "created_at": "2023-06-30T15:10:28.819Z",
      "updated_at": "2023-06-30T15:10:28.819Z",
      "is_active": true,
      "image": "products_images/Product_14.webp",
      "product": 14
    }
  },
  {
    "model": "productsapp.productimage",
    "pk": 56,
    "fields": {
      "created_at": "2023-06-30T15:10:28.819Z",
      "updated_at": "2023-06-30T15:10:28.819Z",
      "is_active": true,
      "image": "products_images/Product_14_1.webp",
      "product": 14
    }
  }
]