[{"model": "productsapp.banner", "pk": 1, "fields": {"created_at": "2023-05-25T21:08:49.944Z", "updated_at": "2023-06-30T14:13:32.014Z", "is_active": true, "category": 1, "image": "banners_images/pngimg.com_-_tv_PNG39284_GQaPjIq.png"}}, {"model": "productsapp.banner", "pk": 3, "fields": {"created_at": "2023-05-25T21:09:17.881Z", "updated_at": "2023-06-30T14:13:24.728Z", "is_active": true, "category": 5, "image": "banners_images/a9af975780e58ebf42e9365742ffc30d5533395f2ec7d08a91bd176e686c96d2_yzOPcvX.jpg"}}, {"model": "productsapp.banner", "pk": 4, "fields": {"created_at": "2023-05-25T21:09:31.976Z", "updated_at": "2023-06-30T14:12:44.536Z", "is_active": true, "category": 10, "image": "banners_images/pngimg.com_-_smartphone_PNG8518_nuTb672.png"}}, {"model": "productsapp.banner", "pk": 6, "fields": {"created_at": "2023-06-30T14:14:53.229Z", "updated_at": "2023-06-30T14:22:36.927Z", "is_active": true, "category": 2, "image": "banners_images/pngegg.png"}}, {"model": "productsapp.banner", "pk": 7, "fields": {"created_at": "2023-06-30T14:52:37.163Z", "updated_at": "2023-06-30T14:54:24.816Z", "is_active": true, "category": 6, "image": "banners_images/1859665_v01_b.webp"}}]