[
{
  "model": "productsapp.productdiscount",
  "pk": 1,
  "fields": {
    "created_at": "2023-06-12T17:17:17.947Z",
    "updated_at": "2023-06-20T16:38:31.209Z",
    "is_active": true,
    "name": "Скидка 3%",
    "value": "3.00",
    "start_date": "2023-06-12",
    "expiration_date": "2023-08-10",
    "description": "Скидка 3%",
    "priority": 2,
    "products": [
      1
    ],
    "categories": [
      1,
      3
    ]
  }
},
{
  "model": "productsapp.productdiscount",
  "pk": 2,
  "fields": {
    "created_at": "2023-06-20T13:38:23.917Z",
    "updated_at": "2023-06-20T16:38:01.456Z",
    "is_active": true,
    "name": "Скидка 10%",
    "value": "10.00",
    "start_date": "2023-06-20",
    "expiration_date": "2023-08-11",
    "description": "Скидка 10%",
    "priority": 2,
    "products": [],
    "categories": [
      4
    ]
  }
},
{
  "model": "productsapp.setdiscount",
  "pk": 1,
  "fields": {
    "created_at": "2023-06-08T10:36:55.788Z",
    "updated_at": "2023-06-20T16:36:08.805Z",
    "is_active": true,
    "name": "Набор из 3х товаров",
    "value": "5.00",
    "start_date": "2023-06-03",
    "expiration_date": "2023-09-13",
    "description": "Телевизор Vityaz, крючки декоративные, чехол для iPhone",
    "priority": 4,
    "products": [
      1,
      4,
      5
    ]
  }
},
{
  "model": "productsapp.setdiscount",
  "pk": 2,
  "fields": {
    "created_at": "2023-06-08T10:38:04.613Z",
    "updated_at": "2023-06-20T16:35:27.062Z",
    "is_active": true,
    "name": "Набор из 2х товаров",
    "value": "3.00",
    "start_date": "2023-06-02",
    "expiration_date": "2023-07-28",
    "description": "Крючки декоративные, чехол на iPhone",
    "priority": 3,
    "products": [
      4,
      5
    ]
  }
},
{
  "model": "productsapp.cartdiscount",
  "pk": 1,
  "fields": {
    "created_at": "",
    "updated_at": "2023-06-20T16:42:48.486Z",
    "is_active": true,
    "name": "Скидка 3% от  10000 руб. (3 товара)",
    "value": "3.00",
    "start_date": "2023-06-08",
    "expiration_date": "2023-07-08",
    "description": "Скидка 3% на корзину от 10000 руб. (минимум 3 товара)",
    "priority": 5,
    "required_sum": "10000.00",
    "required_quantity": 3
  }
},
{
  "model": "productsapp.cartdiscount",
  "pk": 2,
  "fields": {
    "created_at": "2023-06-20T16:42:38.093Z",
    "updated_at": "2023-06-20T16:43:31.227Z",
    "is_active": true,
    "name": "Скидка 6% от 100000 руб. (5 товаров)",
    "value": "6.00",
    "start_date": "2023-06-20",
    "expiration_date": "2023-08-11",
    "description": "Скидка 6% на корзину от 100000 руб. (минимум 5 товаров)",
    "priority": 3,
    "required_sum": "100000.00",
    "required_quantity": 5
  }
}
]
